item_id,original_name,display_name,category
17,Budweiser Brewery Experience,旅游景点 17,"Bars, Beer Gardens, Food, Breweries, Nightlife, Tours, Pubs, Wine Tours, Beer Tours, Hotels & Travel"
6,Gaylord Opryland Resort & Convention Center,旅游景点 6,"Venues & Event Spaces, Performing Arts, Arts & Entertainment, Hotels & Travel, Food, Convenience Stores, American (New), Beauty & Spas, Restaurants, Museums, Event Planning & Services, Hotels, Cinema, Resorts, Day Spas"
20,Kimpton Hotel Monaco Philadelphia,旅游景点 20,"Hotels & Travel, Event Planning & Services, Venues & Event Spaces, Hotels, Wedding Planning"
21,Royal Sonesta New Orleans,旅游景点 21,"Event Planning & Services, Hotels & Travel, Hotels, Restaurants, Bed & Breakfast"
29,Hubbard's Marina,旅游景点 29,"Fishing, Beaches, Boating, Active Life, Boat Charters, Travel Services, Event Planning & Services, Hotels & Travel, Diving"
27,The Voodoo Bone Lady Tours,旅游景点 27,"Supernatural Readings, Tours, Hotels & Travel, Walking Tours, Arts & Entertainment"
9,Desire Oyster Bar,旅游景点 9,"Southern, Event Planning & Services, Restaurants, Cajun/Creole, Seafood, Live/Raw Food, Hotels & Travel, Hotels"
7,DoubleTree by Hilton Hotel Philadelphia Center City,旅游景点 7,"Hotels, Event Planning & Services, Caterers, Hotels & Travel"
12,Sahara Sam's Water Park,旅游景点 12,"Water Parks, Event Planning & Services, Arcades, Amusement Parks, Local Services, Active Life, Party & Event Planning, Arts & Entertainment"
16,Casino Del Sol,旅游景点 16,"Arts & Entertainment, Hotels & Travel, Casinos, Diners, Restaurants, Mexican, Resorts"
22,Tennessee Brew Works,旅游景点 22,"Breweries, Venues & Event Spaces, Beer Bar, Food, Pubs, Tours, Nightlife, Restaurants, Event Planning & Services, Hotels & Travel, Bars, Beer Tours, Arts & Entertainment, American (Traditional), Gastropubs, Music Venues, American (New)"
24,Dave & Buster's,旅游景点 24,"Adult Entertainment, Sports Bars, Restaurants, Eatertainment, Pool Halls, Bars, Active Life, Arts & Entertainment, American (Traditional), Bowling, Arcades, Nightlife"
13,The Children's Museum of Indianapolis,旅游景点 13,"Museums, Arts & Entertainment, Children's Museums"
28,Suraya,旅游景点 28,"Active Life, Beer Gardens, Grocery, Middle Eastern, Specialty Food, American (New), Parks, Cafes, Food, Nightlife, Restaurants, Coffee & Tea, Lebanese"
14,30th Street Station,旅游景点 14,"Public Transportation, Transportation, Train Stations, Public Services & Government, Hotels & Travel"
23,Safety Harbor Resort & Spa Trademark Collection,旅游景点 23,"Restaurants, Hotels & Travel, Hotels, Beauty & Spas, American (New), Day Spas, Event Planning & Services, Resorts"
26,The Eagle Inn,旅游景点 26,"Event Planning & Services, Hotels & Travel, Bed & Breakfast, Hotels"
5,Peppermill Reno,旅游景点 5,"Event Planning & Services, Casinos, Beauty & Spas, Venues & Event Spaces, Arts & Entertainment, Day Spas, Hotels, Hotels & Travel"
15,Shephard's Beach Resort,旅游景点 15,"Hotels & Travel, Bars, American (Traditional), Restaurants, Event Planning & Services, Nightlife, Hotels, Resorts"
18,JW Marriott Indianapolis,旅游景点 18,"Event Planning & Services, Hotels & Travel, Hotels, Venues & Event Spaces"
11,Newfields: A Place for Nature and the Arts,旅游景点 11,"Shopping, Art Galleries, Venues & Event Spaces, Event Planning & Services, Active Life, Museums, Art Museums, Botanical Gardens, Arts & Entertainment, Parks"
8,Hotel Monteleone,旅游景点 8,"Hotels & Travel, Hotels, Event Planning & Services"
10,Cajun Encounters Tour Company,旅游景点 10,"Transportation, Boat Tours, Bus Tours, Tours, Walking Tours, Hotels & Travel, Historical Tours"
4,Steamboat Natchez,旅游景点 4,"Boat Charters, Event Planning & Services, Hotels & Travel, Boat Tours, Restaurants, Active Life, Tours, Boating"
3,"The Saint Hotel, Autograph Collection",旅游景点 3,"Hotels, Venues & Event Spaces, Event Planning & Services, Hotels & Travel"
1,Seminole Hard Rock Hotel & Casino Tampa,旅游景点 1,"Food, Hotels, Coffee & Tea, Hotels & Travel, Restaurants, Casinos, Burgers, Bars, Nightlife, Arts & Entertainment, Event Planning & Services"
0,Citizens Bank Park,旅游景点 0,"Active Life, Baseball Fields, Stadiums & Arenas, Arts & Entertainment"
25,"St. Louis Union Station Hotel, Curio Collection by Hilton",旅游景点 25,"Hotels, Event Planning & Services, Hotels & Travel"
19,Loews Philadelphia Hotel,旅游景点 19,"Event Planning & Services, Hotels & Travel, Restaurants, Hotels, Seafood"
2,Hyatt Regency St. Louis at the Arch,旅游景点 2,"Event Planning & Services, Venues & Event Spaces, Hotels, Hotels & Travel"
32,Philadelphia Zoo,旅游景点 32,"Active Life, Museums, Zoos, Arts & Entertainment"
37,Forest Park,旅游景点 37,"Zoos, Arts & Entertainment, Performing Arts, Active Life, Parks, Skating Rinks, Tennis, Museums, Public Services & Government, Golf, Landmarks & Historical Buildings"
56,Elevage,旅游景点 56,"American (New), Cocktail Bars, Salad, Breakfast & Brunch, Bars, Nightlife, Restaurants, Hotels & Travel"
36,Scheels,旅游景点 36,"Outdoor Gear, Fashion, Men's Clothing, Women's Clothing, Sporting Goods, Gun/Rifle Ranges, Shopping, Active Life"
53,Alamo Rent A Car,旅游景点 53,"Car Rental, Hotels & Travel"
33,Megabus,旅游景点 33,"Hotels & Travel, Transportation"
49,Wildhorse Saloon,旅游景点 49,"Tours, Local Flavor, Hotels & Travel, Arts & Entertainment, Event Planning & Services, American (Traditional), Nightlife, Restaurants, Music Venues, Barbeque, Bars, Venues & Event Spaces"
31,John's Roast Pork,旅游景点 31,"Sandwiches, Salad, American (Traditional), Cheesesteaks, Breakfast & Brunch, Active Life, American (New), Beaches, Restaurants"
54,New Orleans Ghost Adventures Tour,旅游景点 54,"Historical Tours, Tours, Hotels & Travel, Walking Tours"
51,Hotel Congress,旅游景点 51,"American (New), Bars, Nightlife, Beer Bar, Event Planning & Services, Hotels & Travel, Restaurants, Venues & Event Spaces, Hotels"
30,New Orleans City Park,旅游景点 30,"Arts & Entertainment, Active Life, Parks, Venues & Event Spaces, Stadiums & Arenas, Party Equipment Rentals, Event Planning & Services"
39,Kimpton Canary Hotel,旅游景点 39,"Event Planning & Services, Hotels & Travel, Venues & Event Spaces, Hotels"
57,Belmond El Encanto,旅游景点 57,"Restaurants, Event Planning & Services, Hotels, Hotels & Travel"
50,Skull's Rainbow Room,旅游景点 50,"American (New), Public Services & Government, Landmarks & Historical Buildings, Diners, Salad, Bars, Burgers, Nightlife, American (Traditional), Restaurants, Steakhouses, Seafood, Breakfast & Brunch, Cocktail Bars"
45,Nashville Pedal Tavern,旅游景点 45,"Bike Rentals, Nightlife, Arts & Entertainment, Event Planning & Services, Hotels & Travel, Party Bike Rentals, Tours, Active Life"
47,Topgolf,旅游景点 47,"Golf, Sports Bars, Nightlife, Active Life, Bars, Restaurants, American (New)"
41,Mission Santa Barbara,旅游景点 41,"Churches, Arts & Entertainment, Museums, Religious Organizations, Landmarks & Historical Buildings, Public Services & Government"
46,Moonrise Hotel,旅游景点 46,"Hotels, Hotels & Travel, Event Planning & Services"
42,Free Tours By Foot,旅游景点 42,"Hotels & Travel, Walking Tours, Tours"
44,Cafe Conti,旅游景点 44,"Hotels & Travel, Breakfast & Brunch, French, Hotels, Salad, Event Planning & Services, Restaurants"
55,Punch Bowl Social Indianapolis,旅游景点 55,"Active Life, Restaurants, Arts & Entertainment, Bars, Breakfast & Brunch, Beer Bar, Beer, Wine & Spirits, Tacos, Mexican, Bowling, Food, American (Traditional), Coffee & Tea, Eatertainment, Gastropubs, Nightlife, American (New)"
40,Break Through Reno,旅游景点 40,"Escape Games, Amusement Parks, Challenge Courses, Arts & Entertainment, Party & Event Planning, Event Planning & Services, Recreation Centers, Venues & Event Spaces, Active Life"
43,Fort De Soto Park,旅游景点 43,"Parks, Swimming Pools, Boating, Fishing, Active Life, Beaches"
52,Harp & Crown,旅游景点 52,"Active Life, Nightlife, Bars, American (Traditional), Bowling, Restaurants, American (New), Gastropubs"
48,Sheraton Grand Nashville Downtown,旅游景点 48,"Hotels & Travel, Event Planning & Services, Hotels, Caterers, Venues & Event Spaces"
35,New Orleans Marriott,旅游景点 35,"American (Traditional), Event Planning & Services, Hotels & Travel, Hotels, Restaurants, Venues & Event Spaces, Arts & Entertainment"
38,Please Touch Museum,旅游景点 38,"Arts & Entertainment, Museums"
34,"The Roosevelt New Orleans, A Waldorf Astoria Hotel",旅游景点 34,"Event Planning & Services, Nightlife, Wedding Planning, Hotels, Caterers, Bars, Hotels & Travel"
65,Country Music Hall of Fame and Museum,旅游景点 65,"Arts & Entertainment, Museums"
77,Philadelphia 201 Hotel,旅游景点 77,"Event Planning & Services, Hotels & Travel, Venues & Event Spaces, Hotels"
61,Nashville International Airport - BNA,旅游景点 61,"Car Rental, Hotels & Travel, Transportation, Airports"
79,Best Western Plus Carpinteria Inn,旅游景点 79,"Hotels & Travel, Event Planning & Services, Hotels"
72,Tampa Marriott Water Street,旅游景点 72,"Hotels & Travel, Event Planning & Services, Hotels, Venues & Event Spaces"
71,Longwood Gardens,旅游景点 71,"Active Life, Botanical Gardens, Performing Arts, Parks, Music Venues, Arts & Entertainment, Nightlife"
78,Bourbon Orleans Hotel,旅游景点 78,"Event Planning & Services, Hotels, Hotels & Travel"
69,Sofitel Philadelphia,旅游景点 69,"Bars, Nightlife, Event Planning & Services, Hotels & Travel, Hotels, Lounges, Caterers"
62,Boomtown Reno,旅游景点 62,"Venues & Event Spaces, Hotels & Travel, Casinos, Event Planning & Services, Hotels, Arts & Entertainment"
58,Linvilla Orchards,旅游景点 58,"Fruits & Veggies, Farmers Market, Food, Pick Your Own Farms, Arts & Entertainment, Shopping, Tours, Specialty Food, Nurseries & Gardening, Farms, Hotels & Travel, Home & Garden"
68,Reno-Tahoe International Airport,旅游景点 68,"Transportation, Hotels & Travel, Airports, Airlines"
73,Pima Air & Space Museum,旅游景点 73,"Hotels & Travel, Tours, Museums, Arts & Entertainment, Public Services & Government, Landmarks & Historical Buildings"
63,Tootsie's Orchid Lounge,旅游景点 63,"Nightlife, Music Venues, Lounges, Landmarks & Historical Buildings, Arts & Entertainment, Bars, Public Services & Government"
70,Circus Circus Reno,旅游景点 70,"Hotels & Travel, Casinos, Hotels, Event Planning & Services, Nightlife, Restaurants, Pet Services, Pets, Arts & Entertainment, Pet Sitting"
76,Stearns Wharf,旅游景点 76,"Public Services & Government, Landmarks & Historical Buildings, Local Flavor, Restaurants, Tours, Shopping, Shopping Centers, Seafood, Hotels & Travel, Boat Tours"
67,Tucson International Airport - TUS,旅游景点 67,"Professional Services, Employment Agencies, Hotels & Travel, Airports, Shopping, Shopping Centers"
60,Liberty Bell Center,旅游景点 60,"Local Services, Public Services & Government, Landmarks & Historical Buildings, Local Flavor"
75,North Bowl,旅游景点 75,"Restaurants, Vegan, Venues & Event Spaces, Active Life, American (Traditional), Sports Bars, Lounges, Bowling, Bars, Nightlife, Event Planning & Services"
66,French Market Inn,旅游景点 66,"Event Planning & Services, Hotels, Hotels & Travel"
59,The Gateway Arch,旅游景点 59,"Active Life, Tours, Parks, Public Services & Government, Museums, Arts & Entertainment, Landmarks & Historical Buildings, Hotels & Travel"
74,St. Charles Streetcar Line,旅游景点 74,"Local Flavor, Arts & Entertainment, Public Transportation, Hotels & Travel, Transportation"
64,Spruce Street Harbor Park,旅游景点 64,"Parks, Active Life"
81,Missouri Botanical Garden,旅游景点 81,"Botanical Gardens, Tours, Hotels & Travel, Antiques, Shopping, Parks, Farmers Market, Museums, Active Life, Festivals, Home & Garden, Arts & Entertainment, Nurseries & Gardening, Food"
89,The Florida Aquarium,旅游景点 89,"Active Life, Day Camps, Aquariums, Venues & Event Spaces, Event Planning & Services, Arts & Entertainment, Education, Wedding Planning, Local Services, Botanical Gardens, Elementary Schools, Community Service/Non-Profit"
88,Gray Line Tours,旅游景点 88,"Tours, Hotels & Travel"
83,Philadelphia International Airport - PHL,旅游景点 83,"Professional Services, Airports, Local Services, Hotels & Travel"
96,Royal Carriages,旅游景点 96,"Event Planning & Services, Historical Tours, Tours, Wedding Planning, Hotels & Travel"
92,The Birch & Vine,旅游景点 92,"Local Flavor, Wine Bars, Bars, Hotels, Specialty Food, American (New), Nightlife, Food, Restaurants, Hotels & Travel, Event Planning & Services"
99,Boise Airport,旅游景点 99,"Transportation, Limos, Hotels & Travel, Airports, Public Transportation, Airport Terminals"
100,Winner Airport Parking,旅游景点 100,"Auto Detailing, Automotive, Car Wash, Hotels & Travel, Transportation, Airport Shuttles, Parking"
97,Museum of Death,旅游景点 97,"Museums, Arts & Entertainment"
85,Nashville Zoo At Grassmere,旅游景点 85,"Zoos, Hotels & Travel, Event Planning & Services, Tours, Active Life, Venues & Event Spaces, Historical Tours"
101,Zodo's Bowlero Bowling & Beyond,旅游景点 101,"Active Life, Bowling, Restaurants, Bars, Nightlife, Party & Event Planning, Arcades, Event Planning & Services, Arts & Entertainment"
93,Atlantis Casino Resort Spa,旅游景点 93,"Casinos, Hotels & Travel, Arts & Entertainment, Resorts, Beauty & Spas, Day Spas"
98,Omni Nashville Hotel,旅游景点 98,"Hotels & Travel, Beauty & Spas, Day Spas, Event Planning & Services, Hotels, Restaurants"
82,Audubon Aquarium of the Americas,旅游景点 82,"Caterers, Aquariums, Tours, Cinema, Zoos, Active Life, Event Planning & Services, Hotels & Travel, Arts & Entertainment"
91,Brigtsen's Restaurant,旅游景点 91,"Restaurants, Cajun/Creole, Active Life, Southern"
94,Hyatt Regency New Orleans,旅游景点 94,"Hotels & Travel, Venues & Event Spaces, Hotels, Event Planning & Services"
86,Andrew Jackson's Hermitage,旅游景点 86,"Arts & Entertainment, Local Flavor, Museums, Education, Tours, Elementary Schools, Landmarks & Historical Buildings, Historical Tours, Public Services & Government, Hotels & Travel"
90,The Warwick Hotel Rittenhouse Square,旅游景点 90,"Hotels & Travel, Hotels, Event Planning & Services, Caterers"
87,Indianapolis International Airport - IND,旅游景点 87,"Car Rental, Airlines, Transportation, Airports, Hotels & Travel"
84,Belle Meade Historic Site & Winery,旅游景点 84,"Landmarks & Historical Buildings, Restaurants, Museums, Wine Tasting Room, Event Planning & Services, Venues & Event Spaces, Public Services & Government, Tours, Hotels & Travel, Food, Arts & Entertainment, Wineries"
80,Harrah's Reno,旅游景点 80,"Arts & Entertainment, Event Planning & Services, Restaurants, Hotels, Casinos, Hotels & Travel"
95,Lucky Strike - Philadelphia,旅游景点 95,"Nightlife, Restaurants, Event Planning & Services, Cocktail Bars, Bowling, Active Life, Venues & Event Spaces, Bars, American (Traditional), American (New), Lounges"
120,Maison Dupuy Hotel,旅游景点 120,"Venues & Event Spaces, Hotels, Hotels & Travel, Event Planning & Services, Party & Event Planning"
121,Enterprise Rent-A-Car,旅游景点 121,"Hotels & Travel, Car Rental, Car Dealers, Automotive"
124,Two Chicks Walking Tours,旅游景点 124,"Historical Tours, Arts & Entertainment, Architectural Tours, Hotels & Travel, Tours, Walking Tours"
105,Philadelphia Museum of Art,旅游景点 105,"Art Museums, Jazz & Blues, Arts & Crafts, American (New), Shopping, Museums, Nightlife, Art Galleries, Restaurants, Arts & Entertainment"
117,Valley Forge Casino Resort,旅游景点 117,"Event Planning & Services, Hotels, Casinos, Hotels & Travel, Restaurants, Arts & Entertainment"
104,Pizza Brain,旅游景点 104,"Restaurants, Pizza, Specialty Food, Museums, Food, Arts & Entertainment"
119,Postcard Inn on the Beach,旅游景点 119,"Resorts, Hotels, Hotels & Travel, Event Planning & Services"
108,Ryman Auditorium,旅游景点 108,"Local Flavor, Hotels & Travel, Music Venues, Nightlife, Tours, Historical Tours, Arts & Entertainment, Cinema, Restaurants, Museums, American (Traditional)"
111,Parx Casino,旅游景点 111,"Arts & Entertainment, Steakhouses, Active Life, Restaurants, Dance Clubs, Nightlife, Adult Entertainment, Buffets, Horse Racing, Casinos"
110,Miss Saigon,旅游景点 110,"Vietnamese, Amateur Sports Teams, Restaurants, Active Life, Soup"
115,US Airways,旅游景点 115,"Airlines, Transportation, Hotels & Travel"
123,Payless Parking and Car Rental,旅游景点 123,"Hotels & Travel, Parking, Local Services, Automotive, Car Rental"
102,Jackson Square,旅游景点 102,"Parks, Active Life"
113,Ultimate Swamp Adventures,旅游景点 113,"Professional Sports Teams, Tours, Hotels & Travel, Arts & Entertainment"
103,Nugget Casino Resort,旅游景点 103,"Resorts, Event Planning & Services, Restaurants, Casinos, Arts & Entertainment, Party & Event Planning, Hotels, Venues & Event Spaces, Hotels & Travel"
122,Budget Rent A Car,旅游景点 122,"Hotels & Travel, Car Rental"
116,"The Ritz-Carlton Bacara, Santa Barbara",旅游景点 116,"Restaurants, Beauty & Spas, American (New), Event Planning & Services, Hotels, Massage, Resorts, Day Spas, Hotels & Travel, Venues & Event Spaces"
114,Le Meridien Philadelphia,旅游景点 114,"Event Planning & Services, Hotels & Travel, Hotels"
112,Hogan's Beach,旅游景点 112,"Restaurants, American (New), Beaches, Seafood, Active Life"
106,Adventure Aquarium,旅游景点 106,"Museums, Arts & Entertainment, Kids Activities, Children's Museums, Aquariums, Active Life, Venues & Event Spaces, Event Planning & Services"
118,Le Pavillon Hotel,旅游景点 118,"Hotels, Hotels & Travel, Restaurants, Venues & Event Spaces, Event Planning & Services"
107,Independence Hall,旅游景点 107,"Public Services & Government, Landmarks & Historical Buildings"
109,New Orleans School of Cooking,旅游景点 109,"Hotels & Travel, Cooking Schools, Restaurants, Tours, Specialty Schools, Education"
142,Millennium Maxwell House Hotel Nashville,旅游景点 142,"Local Flavor, Event Planning & Services, Hotels & Travel, Hotels"
140,Mama's On the Hill,旅游景点 140,"Bars, Food, Food Tours, Tours, Hotels & Travel, Nightlife, Restaurants, Wine Bars, Italian"
128,Mardi Gras World-Riverfront,旅游景点 128,"Festivals, Venues & Event Spaces, Arts & Entertainment, Automotive, Event Planning & Services, Museums, Local Flavor, Hotels & Travel, Tours"
138,Hertz Rent A Car,旅游景点 138,"Car Rental, Hotels & Travel"
136,Hotel Preston,旅游景点 136,"Hotels, Hotels & Travel, Event Planning & Services"
143,Kimpton The Goodland,旅游景点 143,"Hotels, Event Planning & Services, Hotels & Travel, Venues & Event Spaces"
144,Boomtown - Reno,旅游景点 144,"Event Planning & Services, Arts & Entertainment, Hotels, Hotels & Travel, Casinos, Venues & Event Spaces"
126,The Mütter Museum,旅游景点 126,"Arts & Entertainment, Museums, Local Flavor"
139,Hilton St. Louis at the Ballpark,旅游景点 139,"Event Planning & Services, Hotels, Hotels & Travel"
135,Club Cal Neva,旅游景点 135,"Restaurants, Hotels & Travel, Arts & Entertainment, Casinos, Hotels, Event Planning & Services"
130,Philadelphia Marriott Downtown,旅游景点 130,"Event Planning & Services, Hotels & Travel, Venues & Event Spaces, Hotels, Restaurants"
137,Jean Lafitte Swamp Tour,旅游景点 137,"Tours, Event Planning & Services, Local Flavor, Boat Charters, Boat Tours, Hotels & Travel"
145,Fox Rent A Car,旅游景点 145,"Car Rental, Hotels & Travel"
127,The Palm - Nashville,旅游景点 127,"Restaurants, Event Planning & Services, Seafood, Hotels & Travel, American (New), Steakhouses, Hotels"
134,Marie Laveau House of Voodoo,旅游景点 134,"Religious Items, Shopping, Arts & Entertainment, Museums, Arts & Crafts"
133,JW MarriottTucson Starr Pass Resort & Spa,旅游景点 133,"Day Spas, Event Planning & Services, Hotels, Venues & Event Spaces, Hotels & Travel, Beauty & Spas, Resorts"
132,Silver Legacy Resort Casino,旅游景点 132,"Arts & Entertainment, Hotels, Party & Event Planning, Casinos, Event Planning & Services, Restaurants, Hotels & Travel"
131,Eastern State Penitentiary Historic Site,旅游景点 131,"Landmarks & Historical Buildings, Public Services & Government"
141,Hilton Clearwater Beach Resort & Spa,旅游景点 141,"Event Planning & Services, Hotels & Travel, Hotels, Travel Services"
125,Tampa International Airport,旅游景点 125,"Hotels & Travel, Shopping, Airports, Parking, Shopping Centers, Automotive"
129,Mt Rose Ski Tahoe,旅游景点 129,"Skiing, Ski Resorts, Active Life, Hotels & Travel"
147,The National WWII Museum,旅游景点 147,"Hotels & Travel, Arts & Entertainment, Tours, Public Services & Government, Landmarks & Historical Buildings, Museums"
161,Cigar City Brewing,旅游景点 161,"Tours, Food, Wine Tours, Arts & Entertainment, Hotels & Travel, Breweries, Wineries, Wine Tasting Room"
152,The Grill at Hacienda Del Sol,旅游景点 152,"Breakfast & Brunch, Event Planning & Services, Hotels, Nightlife, American (New), Resorts, Wine Bars, Hotels & Travel, Restaurants, American (Traditional), Bars"
150,Hotel Milo Santa Barbara,旅游景点 150,"Hotels, Event Planning & Services, Hotels & Travel"
160,Sesame Place,旅游景点 160,"Caterers, Water Parks, Event Planning & Services, Local Flavor, Active Life, Amusement Parks"
156,Sunset Grill at Little Harbor,旅游景点 156,"Active Life, Restaurants, Beaches, Cocktail Bars, Breakfast & Brunch, American (New), Bars, Nightlife, Sandwiches, American (Traditional)"
149,Louis Armstrong New Orleans International Airport  MSY,旅游景点 149,"Hotels & Travel, Airports, Transportation"
146,Grounds For Sculpture,旅游景点 146,"Active Life, Restaurants, Venues & Event Spaces, Music Venues, Botanical Gardens, Museums, Event Planning & Services, Religious Organizations, Parks, Arts & Entertainment, French, Nightlife"
153,Columns,旅游景点 153,"Event Planning & Services, Hotels, Restaurants, Bars, Cocktail Bars, Venues & Event Spaces, Hotels & Travel, Lounges, Nightlife"
157,Honeymoon Island State Park,旅游景点 157,"Beaches, Dog Parks, Parks, Active Life"
155,St. Louis Lambert International Airport - STL,旅游景点 155,"Airports, Hotels & Travel"
148,Whitney Peak Hotel,旅游景点 148,"Climbing, Nightlife, Arts & Entertainment, Hotels & Travel, Active Life, Hotels, Event Planning & Services, Music Venues"
158,The 404 Kitchen,旅游景点 158,"Event Planning & Services, Restaurants, Hotels & Travel, Food, Nightlife, American (New), Desserts, Whiskey Bars, Hotels, Modern European, Bars"
164,Paddlewheeler Creole Queen,旅游景点 164,"Hotels & Travel, Cajun/Creole, Boat Charters, Restaurants, Tours, Event Planning & Services"
159,"The Ritz-Carlton, Philadelphia",旅游景点 159,"Caterers, Event Planning & Services, Hotels, Real Estate, Apartments, Hotels & Travel, Venues & Event Spaces, Home Services"
165,Celebration Cruises,旅游景点 165,"Boating, Bars, Hotels & Travel, Boat Charters, Whale Watching Tours, Tours, Event Planning & Services, Nightlife, Active Life"
151,Grand Sierra Resort and Casino,旅游景点 151,"Nightlife, Hotels & Travel, Arts & Entertainment, Music Venues, Hotels, Casinos, Event Planning & Services, Resorts"
163,The Old No 77 Hotel and Chandlery,旅游景点 163,"Hotels, Event Planning & Services, Hotels & Travel, Restaurants"
162,Mr John's Steakhouse,旅游景点 162,"Seafood, Fitness & Instruction, Hotels, Hotels & Travel, Gyms, Active Life, Event Planning & Services, Restaurants, Steakhouses"
154,Panorama,旅游景点 154,"Hotels & Travel, Bars, Food, Wine Bars, Beer, Wine & Spirits, Event Planning & Services, Nightlife, Hotels, Gluten-Free, Restaurants, Italian"
189,Blue Bell Inn,旅游景点 189,"American (New), American (Traditional), Hotels, Event Planning & Services, Hotels & Travel, Nightlife, Seafood, Bars, Live/Raw Food, Restaurants"
184,Mar Monte Hotel - Hyatt,旅游景点 184,"Hotels, Restaurants, Beauty & Spas, Hotels & Travel, Day Spas, Event Planning & Services"
178,The Franklin Institute Science Museum,旅游景点 178,"Cinema, Museums, Venues & Event Spaces, Event Planning & Services, Arts & Entertainment, Community Service/Non-Profit, Local Services"
172,French Market,旅游景点 172,"Farmers Market, Specialty Food, Shopping Centers, Fruits & Veggies, Fashion, Gift Shops, Used, Vintage & Consignment, Arts & Crafts, Flea Markets, Art Supplies, Food, Flowers & Gifts, Hotels & Travel, Public Markets, Tours, Shopping"
173,Honky Tonk Central,旅游景点 173,"Hotels & Travel, Pubs, Bars, Nightlife, Restaurants, American (Traditional), Music Venues, Southern, Arts & Entertainment, Chicken Wings"
190,Harbor View Inn,旅游景点 190,"Hotels & Travel, Event Planning & Services, Hotels"
166,City Museum,旅游景点 166,"Local Flavor, Hotels & Travel, Museums, Playgrounds, Active Life, Arts & Entertainment, Venues & Event Spaces, Tours, Event Planning & Services, Amusement Parks"
177,Witches Brew Tours,旅游景点 177,"Strip Clubs, Arts & Entertainment, Haunted Houses, Tours, Comedy Clubs, Adult Entertainment, Nightlife, Hotels & Travel, Historical Tours, Walking Tours"
183,Fess Parker's DoubleTree Resort,旅游景点 183,"Hotels & Travel, Event Planning & Services, Hotels, Pets"
171,Busch Gardens Tampa Bay,旅游景点 171,"Active Life, Amusement Parks, Botanical Gardens, Arts & Entertainment"
176,New Orleans Museum of Art,旅游景点 176,"Art Museums, Shopping, Arts & Entertainment, Art Galleries, Museums"
169,Crowne Plaza New Orleans French Quarter,旅游景点 169,"Hotels, Resorts, Venues & Event Spaces, Event Planning & Services, Hotels & Travel"
168,Tropicana Field,旅游景点 168,"Baseball Fields, Stadiums & Arenas, Professional Sports Teams, Active Life, Arts & Entertainment"
180,French Quarter Phantoms,旅游景点 180,"Public Services & Government, Landmarks & Historical Buildings, Walking Tours, Art Tours, Restaurants, Hotels & Travel, Historical Tours, Tours, Barbeque, Local Flavor"
191,JW Marriott New Orleans,旅游景点 191,"Hotels, Event Planning & Services, Hotels & Travel"
181,Omni Royal Orleans,旅游景点 181,"Hotels, Event Planning & Services, Hotels & Travel"
167,The Parthenon,旅游景点 167,"Art Museums, Active Life, Landmarks & Historical Buildings, Arts & Entertainment, Public Services & Government, Parks, Museums"
175,InterContinental New Orleans,旅游景点 175,"Hotels & Travel, Venues & Event Spaces, Event Planning & Services, Resorts, Hotels"
182,TradeWinds Island Grand,旅游景点 182,"Hotels, Event Planning & Services, Hotels & Travel, Resorts"
185,Clearwater Marine Aquarium,旅游景点 185,"Local Services, Aquariums, Active Life, Summer Camps, Hotels & Travel, Parks, Community Service/Non-Profit, Boat Tours, Tours"
192,Harrah's New Orleans,旅游景点 192,"Hotels, Arts & Entertainment, Hotels & Travel, Event Planning & Services, Casinos"
188,The Westin La Paloma Resort & Spa,旅游景点 188,"Hotels & Travel, Caterers, Event Planning & Services, Hotels, Venues & Event Spaces, Resorts"
179,Santa Barbara Zoo,旅游景点 179,"Zoos, Event Planning & Services, Venues & Event Spaces, Active Life"
170,Sheraton New Orleans Hotel,旅游景点 170,"Cajun/Creole, Hotels, Venues & Event Spaces, Hotels & Travel, Event Planning & Services, Restaurants"
187,Topgolf,旅游景点 187,"Fitness & Instruction, Nightlife, American (New), Golf, Sports Bars, Active Life, Bars, Golf Lessons, Restaurants"
186,Nelson's Green Brier Distillery,旅游景点 186,"Distilleries, Tours, Hotels & Travel, Historical Tours, Food"
174,Atlantis Bistro Napa,旅游景点 174,"Nightlife, American (New), Wine Bars, Restaurants, Hotels & Travel, Bars, Seafood"
201,Hurricane Seafood Restaurant,旅游景点 201,"Bars, Beaches, Nightlife, Restaurants, Seafood, Active Life"
205,Sirata Beach Resort,旅游景点 205,"Hotels, Event Planning & Services, Hotels & Travel"
196,Clearwater Beach,旅游景点 196,"Beaches, Active Life"
203,Indianapolis Zoo,旅游景点 203,"Active Life, Shopping, Zoos, Botanical Gardens, Arts & Entertainment, Parks, Gift Shops, Event Planning & Services, Flowers & Gifts, Venues & Event Spaces"
204,Aquarium Restaurant,旅游景点 204,"Aquariums, Active Life, American (Traditional), Seafood, Restaurants"
194,Saint Louis Zoo,旅游景点 194,"Hotels & Travel, Education, Zoos, Event Planning & Services, Party & Event Planning, Arts & Entertainment, Active Life, Tours, Venues & Event Spaces, Preschools"
200,Embassy Suites by Hilton Philadelphia Center City,旅游景点 200,"Event Planning & Services, Hotels & Travel, Hotels"
206,Arnoldi's Cafe,旅游景点 206,"Breakfast & Brunch, Bocce Ball, Event Planning & Services, Beer, Wine & Spirits, Venues & Event Spaces, Italian, Active Life, Food, Wedding Planning, Restaurants"
195,ZooTampa at Lowry Park,旅游景点 195,"Zoos, Tours, Arts & Entertainment, Hotels & Travel, Active Life"
208,Sustainable Wine Tours,旅游景点 208,"Wine Tours, Hotels & Travel, Tours, Transportation, Wineries, Limos, Food, Arts & Entertainment"
202,Johnny Cash Museum,旅游景点 202,"Travel Services, Music Venues, Hotels & Travel, Restaurants, Cafes, Nightlife, Event Planning & Services, Party & Event Planning, Museums, Arts & Entertainment"
197,Kimpton Hotel Palomar Philadelphia,旅游景点 197,"Wedding Planning, Event Planning & Services, Venues & Event Spaces, Hotels & Travel, Hotels"
207,Lodge On The Desert,旅游景点 207,"Hotels & Travel, Restaurants, American (New), Event Planning & Services, Hotels"
199,Lazydays RV of Tampa,旅游景点 199,"RV Dealers, RV Parks, Automotive, RV Repair, Hotels & Travel, Trailer Dealers, Auto Parts & Supplies, RV Rental"
198,Eldorado Resort Casino,旅游景点 198,"Arts & Entertainment, Hotels, Hotels & Travel, Restaurants, Casinos, Event Planning & Services, Resorts, Venues & Event Spaces"
193,Lambertville Station Restaurant,旅游景点 193,"Party & Event Planning, Hotels & Travel, Hotels, Event Planning & Services, Restaurants, American (Traditional)"
210,The Dali Museum,旅游景点 210,"Museums, Arts & Entertainment, Art Museums, Shopping, Art Galleries"
231,Harbor House Inn,旅游景点 231,"Hotels & Travel, Hotels, Bed & Breakfast, Event Planning & Services"
224,Loews Ventana Canyon Resort,旅游景点 224,"Restaurants, Event Planning & Services, Day Spas, Hotels & Travel, Beauty & Spas, Hotels"
226,Renaissance Nashville,旅游景点 226,"Event Planning & Services, Restaurants, Venues & Event Spaces, Hotels & Travel, Hotels"
230,Dolan Toyota,旅游景点 230,"Body Shops, Automotive, Auto Repair, Auto Parts & Supplies, Car Dealers, Car Rental, Hotels & Travel"
217,The Westin New Orleans,旅游景点 217,"Hotels, Venues & Event Spaces, Hotels & Travel, Event Planning & Services"
227,Four Seasons Resort The Biltmore Santa Barbara,旅游景点 227,"Hotels & Travel, Hotels, Event Planning & Services, Restaurants, Venues & Event Spaces, Resorts"
213,Grand Ole Opry,旅游景点 213,"Performing Arts, Cinema, Tours, Local Flavor, Arts & Entertainment, Historical Tours, Hotels & Travel, Nightlife, Music Venues"
214,Restaurant R'evolution,旅游景点 214,"Event Planning & Services, Hotels, Cajun/Creole, Restaurants, Seafood, Southern, Hotels & Travel"
209,Independence Beer Garden,旅游景点 209,"Bars, Nightlife, American (New), Gastropubs, Food Trucks, Parks, Restaurants, Beer Gardens, Active Life, Barbeque, Food, Beer, Wine & Spirits, American (Traditional)"
216,Audubon Zoo,旅游景点 216,"Active Life, Hotels & Travel, Zoos, Parks, Cinema, Tours, Aquariums, Arts & Entertainment, Planetarium"
221,Hilton New Orleans Riverside,旅游景点 221,"Event Planning & Services, Hotels & Travel, Hotels, Venues & Event Spaces, Restaurants"
228,Confederacy of Cruisers Bike Tours,旅游景点 228,"Food Tours, Local Flavor, Bikes, Bike tours, Sporting Goods, Hotels & Travel, Historical Tours, Active Life, Bike Rentals, Tours, Shopping"
223,The Barnes Foundation,旅游景点 223,"Art Galleries, Education, Arts & Entertainment, Shopping, Art Classes, Museums, Art Museums"
212,The Don CeSar,旅游景点 212,"Hotels & Travel, Hotels, Event Planning & Services, Beauty & Spas, Venues & Event Spaces, Restaurants, American (New), Day Spas"
211,"The Ritz-Carlton, New Orleans",旅游景点 211,"Hotels & Travel, Venues & Event Spaces, Restaurants, Event Planning & Services, Hotels"
218,Sands Regency,旅游景点 218,"Event Planning & Services, Arts & Entertainment, Hotels & Travel, Casinos, Hotels"
222,The Boathouse at Forest Park,旅游景点 222,"Boating, Active Life, Caterers, Local Flavor, Event Planning & Services, Nightlife, American (Traditional), Restaurants, Parks, Bars, American (New)"
215,Club Quarters Philadelphia,旅游景点 215,"Hotels, Event Planning & Services, Hotels & Travel"
225,Jimmy B's Beach Bar,旅游景点 225,"Hotels, Event Planning & Services, Nightlife, Hotels & Travel, American (Traditional), Music Venues, Arts & Entertainment, Caterers, Beer Bar, Bars, Restaurants"
219,The George Jones,旅游景点 219,"Restaurants, Arts & Entertainment, Bars, Nightlife, Museums, Barbeque, American (Traditional)"
229,Haunted History Tours,旅游景点 229,"Tours, Hotels & Travel, Historical Tours, Performing Arts, Arts & Entertainment"
232,Gate 1 Travel,旅游景点 232,"Tours, Travel Services, Hotels & Travel"
220,Arizona-Sonora Desert Museum,旅游景点 220,"Parks, Zoos, Active Life, Botanical Gardens, Museums, Arts & Entertainment"
